URLs,Tags
https://data.whicdn.com/images/354794486/superthumb.jpg?t=1618578487,"{'Plant Pictures', 'Terrarium Pictures', 'Terrabliss Pictures'}"
https://data.whicdn.com/images/354794020/superthumb.jpg?t=1618577330,"{'Plant Pictures', 'Terrarium Pictures', 'Terrabliss Pictures'}"
https://data.whicdn.com/images/354794019/superthumb.jpg?t=1618577330,"{'Plant Pictures', 'Terrarium Pictures', 'Terrabliss Pictures'}"
https://data.whicdn.com/images/354794018/superthumb.jpg?t=1618577328,"{'Plant Pictures', 'Terrarium Pictures', 'Terrabliss Pictures'}"
https://data.whicdn.com/images/354794013/superthumb.jpg?t=1618577310,"{'Plant Pictures', 'Terrarium Pictures', 'Terrabliss Pictures'}"
https://data.whicdn.com/images/354792633/superthumb.jpg?t=1618574012,"{'Plant Pictures', 'Terrarium Pictures', 'Terrabliss Pictures'}"
https://data.whicdn.com/images/354791052/superthumb.jpg?t=1618568727,"{'Plant Pictures', 'Terrarium Pictures', 'Terrabliss Pictures'}"
https://data.whicdn.com/images/354790961/superthumb.jpg?t=1618568196,"{'Plant Pictures', 'Terrarium Pictures', 'Terrabliss Pictures'}"
https://data.whicdn.com/images/354790609/superthumb.jpg?t=1618567175,"{'Plant Pictures', 'Terrarium Pictures', 'Terrabliss Pictures'}"
https://data.whicdn.com/images/354790442/superthumb.jpg?t=1618566841,"{'Plant Pictures', 'Terrarium Pictures', 'Terrabliss Pictures'}"
https://data.whicdn.com/images/354788836/superthumb.jpg?t=1618561728,"{'Plant Pictures', 'Terrarium Pictures', 'Terrabliss Pictures'}"
https://data.whicdn.com/images/354787904/superthumb.jpg?t=1618558877,"{'Plant Pictures', 'Terrarium Pictures', 'Terrabliss Pictures'}"
https://data.whicdn.com/images/354786706/superthumb.jpg?t=1618553728,"{'Plant Pictures', 'Terrarium Pictures', 'Terrabliss Pictures'}"
https://data.whicdn.com/images/354786481/superthumb.jpg?t=1618552790,"{'Plant Pictures', 'Terrarium Pictures', 'Terrabliss Pictures'}"
https://data.whicdn.com/images/354782938/superthumb.jpg?t=1618538464,"{'Plant Pictures', 'Terrarium Pictures', 'Terrabliss Pictures'}"
https://data.whicdn.com/images/354780750/superthumb.jpg?t=1618530562,"{'Plant Pictures', 'Terrarium Pictures', 'Terrabliss Pictures'}"
https://data.whicdn.com/images/354780591/superthumb.jpg?t=1618529951,"{'Plant Pictures', 'Terrarium Pictures', 'Terrabliss Pictures'}"
