postid,likes,category,link,data
pt00000001,114,pinterest.com,https://i.pinimg.com/236x/93/75/a9/9375a93963ce3956f31165d8d1e84f50.jpg,feed
pt00000002,28,pinterest.com,https://i.pinimg.com/236x/75/7a/8d/757a8d2523a4fb89245e5d79c22ced94.jpg,feed
pt00000003,2,pinterest.com,https://i.pinimg.com/236x/f0/cf/f4/f0cff4b96802f82e191900d277189f8e.jpg,feed
pt00000004,29,pinterest.com,https://i.pinimg.com/236x/18/50/22/185022210b9c460d97a123949fca7090.jpg,feed
pt00000005,154,pinterest.com,https://i.pinimg.com/236x/0f/9e/6f/0f9e6f5a524249fa6977325c785f2b23.jpg,feed
pt00000006,118,pinterest.com,https://i.pinimg.com/236x/b9/fa/4d/b9fa4d2128009aa5f782c5908ed4d756.jpg,feed
pt00000007,77,pinterest.com,https://i.pinimg.com/236x/d2/cd/a1/d2cda17ecf41d22bab12cd03279baa2f.jpg,feed
pt00000008,75,pinterest.com,https://i.pinimg.com/236x/07/0b/e2/070be21f6a4a5ba574cde59cae274432.jpg,feed
pt00000009,79,pinterest.com,https://i.pinimg.com/236x/7b/1f/09/7b1f09f8f5a31f30db73306325c00a55.jpg,feed
pt00000010,124,pinterest.com,https://i.pinimg.com/236x/c7/55/b3/c755b37cda752796ad13ad02ac57e135.jpg,feed
pt00000011,135,pinterest.com,https://i.pinimg.com/236x/08/af/f9/08aff93d1e10e22ae18bb02b77bd6e0f.jpg,feed
pt00000012,59,pinterest.com,https://i.pinimg.com/236x/56/da/ee/56daeeb14ffb8fd902231b21068b710c.jpg,feed
pt00000013,84,pinterest.com,https://i.pinimg.com/236x/95/81/c4/9581c4ebf1ccadea6fb1ac8db127afb3.jpg,feed
pt00000014,167,pinterest.com,https://i.pinimg.com/236x/df/d8/49/dfd849280515100389739741ee8d0e5c.jpg,feed
pt00000015,15,pinterest.com,https://i.pinimg.com/236x/eb/a2/88/eba288c7ffaafc88b7208b484271b034.jpg,feed
pt00000016,17,pinterest.com,https://i.pinimg.com/236x/7a/94/2a/7a942a58ea282df6648052bfaf6f32a6.jpg,feed
pt00000017,69,pinterest.com,https://i.pinimg.com/236x/e0/de/24/e0de24c114ab214dfc39194752c7a461.jpg,feed
pt00000018,84,pinterest.com,https://i.pinimg.com/236x/00/b5/43/00b54359b2304a1dc7dc0649be2de674.jpg,feed
pt00000019,86,pinterest.com,https://i.pinimg.com/236x/7c/d3/6d/7cd36de16a407cd2a350eb453c04e5f0.jpg,feed
pt00000020,143,pinterest.com,https://i.pinimg.com/236x/dd/09/4b/dd094b167c95ea4a63dc14de90d7a0c6.jpg,feed
pt00000021,95,pinterest.com,https://i.pinimg.com/236x/d7/09/69/d70969d67802ff5bad0e32077ee5831e.jpg,feed
pt00000022,55,pinterest.com,https://i.pinimg.com/236x/74/8f/2d/748f2d434df4d20c876345c7bb86520e.jpg,feed
pt00000023,57,pinterest.com,https://i.pinimg.com/236x/eb/c6/4d/ebc64de60381b6501f6c78ac5fb0a87b.jpg,feed
